{
  "orders": [
    {
      "id": 1,
      "name": "Pick up pipes and tiles",
      "dependencies": [
        {
          "id": 2,
          "name": "Install tiles",
          "dependencies": [
            {
              "id": 4,
              "name": "Waterproof pipes",
              "dependencies": []
            }
          ]
        },
        {
          "id": 3,
          "name": "Install pipes",
          "dependencies": [
            {
              "id": 4,
              "name": "Waterproof pipes",
              "dependencies": []
            }
          ]
        }
      ]
    },
    {
      "id": 6,
      "name": "Rustproof pipes",
      "dependencies": []
    },
    {
      "id": 10,
      "name": "Dry pipes",
      "dependencies": [
        {
          "id": 3,
          "name": "Install pipes",
          "dependencies": [
            {
              "id": 4,
              "name": "Waterproof pipes",
              "dependencies": []
            }
          ]
        }
      ]
    }
  ]
}